slug,company,domain,role,level,location,team,employmentMode,verdict,oneLine,totalMin,totalMax,baseMin,baseMax,bonusMin,bonusMax,equityMin,equityMax,wlb,benefits,growth,confidence,sampleCount,verifiedCount,lastUpdated,hoursMin,hoursMax,oncall,promotionSpeed,negotiationRoom,sources,upside,watchouts,sourceType,sourceUrl,sourceNotes
thinking-machines-software-engineer-supercomputing-sf,Thinking Machines Lab,thinkingmachines.ai,Software Engineer,Supercomputing,"San Francisco, CA",Supercomputing,Onsite,High intensity,"Official posting for a supercomputing engineering role focused on large GPU clusters, storage paths, and training infrastructure.",350000,475000,350000,475000,0,0,0,0,0,0,0,68,1,1,2026-06-22,0,0,"Not disclosed in the official posting; needs user reports.",Needs data,Needs data,"Official job posting|Job postings|95|Observed Jun 2026;Public wage data|Compensation|45|Baseline only;Needs user reports|User reports|10|No verified reports yet","Very high listed salary range|Direct work on large-scale AI infrastructure|Benefits listed in official posting","Base/listed salary only; bonus and equity not quantified|WLB and on-call not disclosed|Small sample count",official_job_posting,https://job-boards.greenhouse.io/thinkingmachines/jobs/5013914008,"Official posting discloses annual salary range of $350000-$475000 USD; bonus/equity not quantified."
branch-senior-software-engineer-platform-remote-us,Branch,branchapp.com,Senior Software Engineer,Platform,"United States",Platform,Remote,Strong fit,"Official posting for a remote senior platform role building scalable backend services and REST APIs.",160000,170000,160000,170000,0,0,0,0,0,0,0,62,1,1,2026-06-22,0,0,"Not disclosed in the official posting; needs user reports.",Needs data,Needs data,"Official job posting|Job postings|95|Observed Jun 2026;Public wage data|Compensation|45|Baseline only;Needs user reports|User reports|10|No verified reports yet","Remote US role|Stock options listed as a benefit|Clear backend platform scope","Base salary only; equity not quantified|WLB and on-call not disclosed|Unable to hire outside the US per posting",official_job_posting,https://job-boards.greenhouse.io/branch/jobs/7771615003,"Official posting discloses salary range of $160000-$170000; stock options listed but not quantified."
chainguard-staff-software-engineer-athena-remote-us,Chainguard,chainguard.dev,Staff Software Engineer,Staff,"United States - Remote",Athena,Remote,Strong fit,"Official posting for a staff backend role owning customer onboarding workflows, entitlement management, and data validation pipelines.",170000,231000,170000,231000,0,0,0,0,0,0,0,64,1,1,2026-06-22,0,0,"Not disclosed in the official posting; needs user reports.",Needs data,Needs data,"Official job posting|Job postings|95|Observed Jun 2026;Public wage data|Compensation|45|Baseline only;Needs user reports|User reports|10|No verified reports yet","Remote-first culture|Stock options listed|Strong health and parental leave benefits","Base salary only; equity not quantified|WLB and on-call not disclosed|Security domain may require operational rigor",official_job_posting,https://job-boards.greenhouse.io/chainguard/jobs/4689447006,"Official posting discloses base salary range of $170000-$231000 USD; stock options listed but not quantified."
chainguard-principal-software-engineer-athena-remote-us,Chainguard,chainguard.dev,Principal Software Engineer,Principal,"United States - Remote",Athena,Remote,Strong fit,"Official posting for a principal-level distributed systems role setting technical direction for Chainguard's Athena product area.",220000,258000,220000,258000,0,0,0,0,0,0,0,66,1,1,2026-06-22,0,0,"Not disclosed in the official posting; needs user reports.",Needs data,Needs data,"Official job posting|Job postings|95|Observed Jun 2026;Public wage data|Compensation|45|Baseline only;Needs user reports|User reports|10|No verified reports yet","Remote senior technical leadership|Stock options listed|Strong benefits listed in posting","Base salary only; equity not quantified|WLB and on-call not disclosed|High responsibility scope",official_job_posting,https://job-boards.greenhouse.io/chainguard/jobs/4689477006,"Official posting discloses base salary range of $220000-$258000 USD; stock options listed but not quantified."
klaviyo-senior-lead-software-engineer-dev-infra-sf,Klaviyo,klaviyo.com,Senior Lead Software Engineer,Senior Lead,"San Francisco, CA",Developer Infrastructure,Hybrid,High intensity,"Official posting for a senior lead developer infrastructure role focused on backend architecture, dependencies, and platform upgrades.",216000,324000,216000,324000,0,0,0,0,0,0,0,67,1,1,2026-06-22,0,0,"Not disclosed in the official posting; needs user reports.",Needs data,Needs data,"Official job posting|Job postings|95|Observed Jun 2026;Public wage data|Compensation|45|Baseline only;Needs user reports|User reports|10|No verified reports yet","High seniority platform scope|Posting notes bonus/equity may be part of total package|Clear technical leadership expectations","Base salary only; bonus/equity not quantified|WLB and on-call not disclosed|Up to 10% travel noted",official_job_posting,https://www.klaviyo.com/careers/jobs/7664323003,"Official posting discloses US base pay range of $216000-$324000; bonus/equity may apply but are not quantified."
finch-senior-software-engineer-platform-sf,Finch,tryfinch.com,Senior Software Engineer,Senior,"San Francisco, CA",Platform,Hybrid,Strong fit,"Official posting for a senior platform engineer role improving infrastructure stability, developer tooling, and security.",200000,220000,200000,220000,0,0,0,0,0,0,0,63,1,1,2026-06-22,0,0,"Not disclosed in the official posting; needs user reports.",Needs data,Needs data,"Official job posting|Job postings|95|Observed Jun 2026;Public wage data|Compensation|45|Baseline only;Needs user reports|User reports|10|No verified reports yet","Hybrid SF role|Competitive equity listed|Full medical coverage and unlimited PTO listed","Base salary only; equity not quantified|WLB and on-call not disclosed|Small platform team implies broad ownership",official_job_posting,https://jobs.lever.co/finch/33d6699d-f841-4dd6-baa4-01faec0b8603,"Official posting discloses minimum salary range of $200000-$220000; equity listed but not quantified."
applied-intuition-software-engineer-ai-sunnyvale,Applied Intuition,applied.co,Software Engineer,AI Engineering,"Sunnyvale, CA",AI Engineering,Onsite,High intensity,"Official posting for an AI engineering role building shared AI infrastructure, agent frameworks, and product capabilities.",126000,250000,126000,250000,0,0,0,0,0,0,0,61,1,1,2026-06-22,0,0,"Not disclosed in the official posting; needs user reports.",Needs data,Needs data,"Official job posting|Job postings|95|Observed Jun 2026;Public wage data|Compensation|45|Baseline only;Needs user reports|User reports|10|No verified reports yet","AI infrastructure scope|Equity and benefits are part of package per posting|High-impact 0-to-1 product area","Base salary only; equity not quantified|Posting expects primarily in-office work|WLB and on-call not disclosed",official_job_posting,https://job-boards.greenhouse.io/appliedintuition/jobs/4677060005,"Official posting discloses base salary range of $126000-$250000 USD; equity may apply but is not quantified."
grid-senior-android-software-engineer-sf,Grid,getgrid.app,Senior Android Software Engineer,Senior,"San Francisco, CA",Engineering,Onsite,Proceed carefully,"Official posting for a senior Android role building and scaling Grid's core financial products.",160000,200000,160000,200000,0,0,0,0,0,0,0,58,1,1,2026-06-22,0,0,"Not disclosed in the official posting; needs user reports.",Needs data,Needs data,"Official job posting|Job postings|95|Observed Jun 2026;Public wage data|Compensation|45|Baseline only;Needs user reports|User reports|10|No verified reports yet","Clear mobile ownership|Benefits listed in posting|Fintech product scope","Base salary only; equity not quantified|Onsite SF role|WLB and on-call not disclosed",official_job_posting,https://jobs.lever.co/Grid/ba6b48d8-252f-44c5-96e1-09893a436b46,"Official posting discloses salary range of $160000-$200000 per year."
finix-senior-frontend-engineer-sf,Finix,finix.com,Senior Frontend Engineer,IC4-IC5,"San Francisco, CA",Frontend Engineering,Onsite,Negotiate,"Official posting for a senior frontend engineer role building payment dashboards and embeddable merchant components.",160000,235000,160000,235000,0,0,0,0,0,0,0,63,1,1,2026-06-22,0,0,"Not disclosed in the official posting; needs user reports.",Needs data,Needs data,"Official job posting|Job postings|95|Observed Jun 2026;Public wage data|Compensation|45|Baseline only;Needs user reports|User reports|10|No verified reports yet","Payment infrastructure product scope|Equity and benefits listed|Role level is disclosed as IC4-IC5","Base salary only; equity not quantified|Onsite SF role|WLB and on-call not disclosed",official_job_posting,https://jobs.lever.co/finix/8447c745-3863-4b07-957e-50ad6a1b3f94,"Official posting discloses base salary range of $160000-$235000 plus equity and benefits."
swiftly-senior-software-engineer-iot-remote-us,Swiftly,goswift.ly,Senior Software Engineer,Senior,"United States",IoT,Remote,Strong fit,"Official posting for a senior IoT software role connecting onboard transit hardware systems to cloud services.",140000,205000,140000,205000,0,0,0,0,0,0,0,62,1,1,2026-06-22,0,0,"Not disclosed in the official posting; needs user reports.",Needs data,Needs data,"Official job posting|Job postings|95|Observed Jun 2026;Public wage data|Compensation|45|Baseline only;Needs user reports|User reports|10|No verified reports yet","Remote-friendly role|Equity and benefits listed|Mission-driven transit infrastructure work","Base salary only; equity not quantified|Some travel expected|WLB and on-call not disclosed",official_job_posting,https://jobs.lever.co/goswift/5e98cddf-65e5-427a-807b-bc604802eb86,"Official posting discloses US salary range of $140000-$205000; equity listed but not quantified."
included-health-senior-software-engineer-fullstack-remote-us,Included Health,includedhealth.com,Senior Software Engineer,Senior,"United States",Fullstack,Remote,Strong fit,"Official posting for a senior fullstack engineer building consumer-grade web applications and reliable services.",138380,254111,138380,254111,0,0,0,0,0,0,0,66,1,1,2026-06-22,0,0,"Not disclosed in the official posting; needs user reports.",Needs data,Needs data,"Official job posting|Job postings|95|Observed Jun 2026;Public wage data|Compensation|45|Baseline only;Needs user reports|User reports|10|No verified reports yet","Remote-first culture|Equity and benefits listed|Fullstack scope across React and backend services","Zone-based base salary only; equity not quantified|WLB and on-call not disclosed|Actual range depends on geographic zone",official_job_posting,https://jobs.lever.co/includedhealth/c00ec43f-c773-4a99-80b7-ed26d485cd39,"Official posting discloses US new-hire base target ranges across zones from $138380-$254111 plus equity and benefits."
included-health-senior-software-engineer-backend-remote-us,Included Health,includedhealth.com,Senior Software Engineer,Senior,"United States",Backend,Remote,Strong fit,"Official posting for a senior backend engineer working on reliable services, microservices, and product-facing systems.",149450,274430,149450,274430,0,0,0,0,0,0,0,67,1,1,2026-06-22,0,0,"Not disclosed in the official posting; needs user reports.",Needs data,Needs data,"Official job posting|Job postings|95|Observed Jun 2026;Public wage data|Compensation|45|Baseline only;Needs user reports|User reports|10|No verified reports yet","Remote-first culture|Equity and benefits listed|Backend service ownership","Zone-based base salary only; equity not quantified|WLB and on-call not disclosed|Actual range depends on geographic zone",official_job_posting,https://jobs.lever.co/includedhealth/6834927b-8527-4c2c-bc15-855a56f68765,"Official posting discloses US new-hire base target ranges across zones from $149450-$274430 plus equity and benefits."
playlist-staff-software-engineer-us,Playlist,playlist.com,Staff Software Engineer,Staff,"United States",Engineering,Hybrid,Strong fit,"Official posting for a staff engineer working across cloud infrastructure, application services, and product systems.",170000,250000,170000,250000,0,0,0,0,0,0,0,64,1,1,2026-06-22,0,0,"Not disclosed in the official posting; needs user reports.",Needs data,Needs data,"Official job posting|Job postings|95|Observed Jun 2026;Public wage data|Compensation|45|Baseline only;Needs user reports|User reports|10|No verified reports yet","Staff-level scope|Performance bonus or incentive compensation may apply|Broad cloud and application stack","Base salary only; bonus/equity not quantified|WLB and on-call not disclosed|Location-specific details need confirmation",official_job_posting,https://www.playlist.com/careers/opportunities/4665213006?gh_jid=4665213006,"Official posting discloses US base salary range of $170000-$250000; total package may include performance bonus and benefits."
osmind-senior-software-engineer-product-remote-us,Osmind,osmind.org,Senior Software Engineer,Senior,"United States",Product Engineering,Remote,Strong fit,"Official posting for a senior product engineer building mental healthcare software across TypeScript, Node, React, Postgres, and AWS.",150150,200000,150150,200000,0,0,0,0,0,0,0,62,1,1,2026-06-22,0,0,"Not disclosed in the official posting; needs user reports.",Needs data,Needs data,"Official job posting|Job postings|95|Observed Jun 2026;Public wage data|Compensation|45|Baseline only;Needs user reports|User reports|10|No verified reports yet","Remote role|Equity package listed|Healthcare product impact","Base salary only; equity not quantified|WLB and on-call not disclosed|HIPAA or healthcare context may add process overhead",official_job_posting,https://jobs.lever.co/Osmind/fd48580b-a887-4f0e-9335-374c2dbe6d70,"Official posting discloses national salary range of $150150-$200000 plus equity package for eligible employees."
osmind-staff-software-engineer-product-remote-us,Osmind,osmind.org,Staff Software Engineer,Staff,"United States",Product Engineering,Remote,Strong fit,"Official posting for a staff engineer leading architecture decisions and mentoring engineers on a new healthcare platform.",200000,240000,200000,240000,0,0,0,0,0,0,0,65,1,1,2026-06-22,0,0,"Not disclosed in the official posting; needs user reports.",Needs data,Needs data,"Official job posting|Job postings|95|Observed Jun 2026;Public wage data|Compensation|45|Baseline only;Needs user reports|User reports|10|No verified reports yet","Staff-level architecture scope|Equity package listed|Healthcare product impact","Base salary only; equity not quantified|WLB and on-call not disclosed|Posting mentions SF office preference as a nice-to-have",official_job_posting,https://jobs.lever.co/Osmind/4c26fbae-ebe2-46a4-a6ab-9e57aab72323,"Official posting discloses national salary range of $200000-$240000 plus equity package for eligible employees."
ripple-staff-software-engineer-cloud-infrastructure-ny,Ripple,ripple.com,Staff Software Engineer,Staff,"New York, NY",Cloud Infrastructure,Hybrid,High intensity,"Official posting for a staff cloud infrastructure engineer setting engineering standards for regulated financial systems.",196000,245000,196000,245000,0,0,0,0,0,0,0,66,1,1,2026-06-22,0,0,"Posting references on-call exposure, but cadence is not disclosed.",Needs data,Needs data,"Official job posting|Job postings|95|Observed Jun 2026;Public wage data|Compensation|45|Baseline only;Needs user reports|User reports|10|No verified reports yet","Staff-level platform authority|Financial infrastructure domain|Hybrid collaboration policy disclosed","NY base salary only; equity and additional compensation excluded|On-call cadence not disclosed|Regulated environment may increase process rigor",official_job_posting,https://ripple.com/careers/all-jobs/job/7955314/?gh_jid=7955314,"Official posting discloses NY annual base salary range of $196000-$245000 and excludes equity or additional compensation."
upstart-software-engineer-lifecycle-remote-us,Upstart,upstart.com,Software Engineer,Software Engineer,"United States",Lifecycle,Remote,Strong fit,"Official posting for a remote lifecycle engineer building borrower-facing product capabilities at an AI lending company.",142000,196600,142000,196600,0,0,0,0,0,0,0,63,1,1,2026-06-22,0,0,"Not disclosed in the official posting; needs user reports.",Needs data,Needs data,"Official job posting|Job postings|95|Observed Jun 2026;Public wage data|Compensation|45|Baseline only;Needs user reports|User reports|10|No verified reports yet","Remote-first work model|Bonus and equity compensation listed|Strong benefits listed","Base salary only; bonus/equity not quantified|WLB and on-call not disclosed|Quarterly onsite collaboration may apply",official_job_posting,https://careers.upstart.com/jobs/software-engineer-lifecycle-fba7aee5-9dd3-4482-b3bd-91a9af881860?gh_jid=7913770,"Official posting discloses US remote anticipated base salary range of $142000-$196600; bonus and equity are listed but not quantified."
upstart-senior-software-engineer-site-reliability-remote-us,Upstart,upstart.com,Senior Software Engineer,Senior,"United States",Site Reliability,Remote,High intensity,"Official posting for a senior engineer focused on site reliability tooling, observability, and internal platforms.",166900,230900,166900,230900,0,0,0,0,0,0,0,65,1,1,2026-06-22,0,0,"SRE role likely has operational exposure, but official on-call cadence is not disclosed.",Needs data,Needs data,"Official job posting|Job postings|95|Observed Jun 2026;Public wage data|Compensation|45|Baseline only;Needs user reports|User reports|10|No verified reports yet","Remote role|Bonus and equity compensation listed|Infrastructure and reliability scope","Base salary only; bonus/equity not quantified|On-call cadence not disclosed|Regular onsite collaboration sessions noted",official_job_posting,https://careers.upstart.com/jobs/senior-software-engineer-site-reliability?gh_jid=7727790,"Official posting discloses US remote anticipated base salary range of $166900-$230900; bonus and equity are listed but not quantified."
alluxio-senior-software-engineer-remote-us,Alluxio,alluxio.com,Senior Software Engineer,Senior,"United States",Engineering,Remote,Strong fit,"Official posting for a senior engineer working on data infrastructure software with equity and benefits listed.",190000,260000,190000,260000,0,0,0,0,0,0,0,65,1,1,2026-06-22,0,0,"Not disclosed in the official posting; needs user reports.",Needs data,Needs data,"Official job posting|Job postings|95|Observed Jun 2026;Public wage data|Compensation|45|Baseline only;Needs user reports|User reports|10|No verified reports yet","Data infrastructure domain|Equity options listed|Broad US target range","Base salary only; equity not quantified|WLB and on-call not disclosed|Level may affect placement in range",official_job_posting,https://jobs.lever.co/alluxio/1f58cf1a-9182-4f86-b51f-c5e7f3b9f938,"Official posting discloses US base salary range of $190000-$260000; all candidates receive equity options and benefits."
okta-staff-software-engineer-ai-agentic-auth0-us,Okta,okta.com,Staff Software Engineer,Staff,"CA/CO/IL/NY/WA",AI Agentic Experience Auth0,Hybrid,Strong fit,"Official posting for a staff engineer building AI agentic developer experiences across Auth0 and related systems.",174000,238000,174000,238000,0,0,0,0,0,0,0,66,1,1,2026-06-22,0,0,"Not disclosed in the official posting; needs user reports.",Needs data,Needs data,"Official job posting|Job postings|95|Observed Jun 2026;Public wage data|Compensation|45|Baseline only;Needs user reports|User reports|10|No verified reports yet","Staff-level AI developer experience scope|Equity and bonus listed where applicable|Hybrid collaboration signal","Base salary only; equity/bonus not quantified|Salary range applies to listed states excluding SF Bay Area|WLB and on-call not disclosed",official_job_posting,https://www.okta.com/company/careers/engineering/staff-software-engineer-ai-agentic-experience-auth0-8001068/,"Official posting discloses annual base salary range of $174000-$238000 for specified US locations; equity and bonus may apply but are not quantified."
gopuff-senior-software-engineer-delivery-intelligence-remote-us,Gopuff,gopuff.com,Senior Software Engineer,Senior,"United States",Delivery Intelligence,Remote,High intensity,"Official posting for a senior engineer owning AI-enabled logistics, driver incentives, routing, and delivery efficiency systems.",175000,195000,175000,195000,0,0,0,0,0,0,0,64,1,1,2026-06-22,0,0,"Not disclosed in the official posting; needs user reports.",Needs data,Needs data,"Official job posting|Job postings|95|Observed Jun 2026;Public wage data|Compensation|45|Baseline only;Needs user reports|User reports|10|No verified reports yet","Remote US role|Discretionary annual cash bonus eligibility listed|Equity incentive plan eligibility listed","Base salary only; bonus/equity not quantified|WLB and on-call not disclosed|Posting emphasizes ambiguous real-time logistics ownership",official_job_posting,https://jobs.lever.co/gopuff/64ed6492-7415-48ea-9491-44ec94600480,"Official posting discloses base salary range of $175000-$195000; bonus and equity are listed but not quantified."
lyra-sr-software-engineer-engineering-tools-remote-us,Lyra Health,lyrahealth.com,Sr. Software Engineer,Senior,"United States",Engineering Tools,Remote,Strong fit,"Official posting for a senior engineering tools role focused on automation frameworks, performance tests, CI/CD stability, and internal productivity tooling.",143000,219000,143000,219000,0,0,0,0,0,0,0,64,1,1,2026-06-22,0,0,"Not disclosed in the official posting; needs user reports.",Needs data,Needs data,"Official job posting|Job postings|95|Observed Jun 2026;Public wage data|Compensation|45|Baseline only;Needs user reports|User reports|10|No verified reports yet","Remote US role|Discretionary bonus eligibility listed|Equity through discretionary RSUs and broad benefits listed","Base salary only; bonus/equity not quantified|WLB and on-call not disclosed|Tooling role scope spans multiple engineering teams",official_job_posting,https://jobs.lever.co/lyrahealth/d1247fef-2439-4a1e-ab89-2ff980b746cd,"Official posting discloses annual base salary range of $143000-$219000; discretionary bonuses and equity are listed but not quantified."
lyra-sr-software-engineer-fullstack-remote-us,Lyra Health,lyrahealth.com,Sr. Software Engineer,Senior,"United States",In-Care Experience,Remote,Strong fit,"Official posting for a senior full-stack engineer building onboarding, notifications, and care-program infrastructure for Lyra members and providers.",128000,195000,128000,195000,0,0,0,0,0,0,0,63,1,1,2026-06-22,0,0,"Not disclosed in the official posting; needs user reports.",Needs data,Needs data,"Official job posting|Job postings|95|Observed Jun 2026;Public wage data|Compensation|45|Baseline only;Needs user reports|User reports|10|No verified reports yet","Remote US role|Discretionary bonus eligibility listed|Equity through discretionary RSUs and benefits listed","Base salary only; bonus/equity not quantified|WLB and on-call not disclosed|Healthcare product context may add compliance overhead",official_job_posting,https://jobs.lever.co/lyrahealth/2c78a9be-7211-45e7-bb48-48471092e515,"Official posting discloses annual base salary range of $128000-$195000; discretionary bonuses and equity are listed but not quantified."
attentive-senior-software-engineer-identity-us,Attentive,attentive.com,Senior Software Engineer,Senior,"United States",Identity,Unspecified,High intensity,"Official posting for a senior identity engineer working on high-scale identity resolution systems that process billions of events per day.",180000,210000,180000,210000,0,0,0,0,0,0,0,62,1,1,2026-06-22,0,0,"Not disclosed in the official posting; needs user reports.",Needs data,Needs data,"Official job posting|Job postings|95|Observed Jun 2026;Public wage data|Compensation|45|Baseline only;Needs user reports|User reports|10|No verified reports yet","Equity and benefits listed|High-scale data system ownership|Distributed workforce signal in posting","Base salary only; equity not quantified|Workplace mode is not clearly disclosed|WLB and on-call not disclosed",official_job_posting,https://job-boards.greenhouse.io/attentive/jobs/4240471009,"Official posting discloses US base salary range of $180000-$210000 plus equity and benefits; equity is not quantified."
lumafield-backend-software-engineer-sf,Lumafield,lumafield.com,Backend Software Engineer,Not disclosed,"San Francisco, CA",Software Engineering,Onsite,Proceed carefully,"Official posting for a backend engineer building cloud APIs and large dataset processing pipelines for industrial CT and manufacturing data.",125000,140000,125000,140000,0,0,0,0,0,0,0,58,1,1,2026-06-22,0,0,"Not disclosed in the official posting; needs user reports.",Needs data,Needs data,"Official job posting|Job postings|95|Observed Jun 2026;Public wage data|Compensation|45|Baseline only;Needs user reports|User reports|10|No verified reports yet","Equity grant listed for full-time employees|Hands-on backend and data processing scope|Manufacturing AI product domain","Base salary only; equity not quantified|On-site San Francisco role|Posting states no current or future visa sponsorship",official_job_posting,https://jobs.lever.co/lumafield/a162ca4e-4beb-4f6f-94ac-44e327e481b0,"Official posting discloses base salary range of $125000-$140000; full-time employees receive equity but it is not quantified."
reddit-senior-software-engineer-ads-remote-us,Reddit,redditinc.com,Senior Software Engineer,Senior,"Remote - United States",Ads,Remote,High intensity,"Official posting for a senior backend engineer building ads microservices, distributed systems, campaign measurement, and advertiser-facing products.",190800,267100,190800,267100,0,0,0,0,0,0,0,67,1,1,2026-06-22,0,0,"Not disclosed in the official posting; needs user reports.",Needs data,Needs data,"Official job posting|Job postings|95|Observed Jun 2026;Public wage data|Compensation|45|Baseline only;Needs user reports|User reports|10|No verified reports yet","Remote US role|RSU equity eligibility listed|Large-scale ads infrastructure scope","Base salary only; equity and commission eligibility not quantified|WLB and on-call not disclosed|Ads systems may carry operational and revenue pressure",official_job_posting,https://job-boards.greenhouse.io/reddit/jobs/6909091,"Official posting discloses US base salary range of $190800-$267100; RSU equity and possible commission are listed but not quantified."
upstart-senior-software-engineer-pricing-remote-us,Upstart,upstart.com,Senior Software Engineer,Senior,"Remote US",Core Pricing,Remote,High intensity,"Official posting for a senior pricing engineer building real-time pricing services and model-backed risk and profitability systems.",166900,230900,166900,230900,0,0,0,0,0,0,0,65,1,1,2026-06-22,0,0,"Not disclosed in the official posting; needs user reports.",Needs data,Needs data,"Official job posting|Job postings|95|Observed Jun 2026;Public wage data|Compensation|45|Baseline only;Needs user reports|User reports|10|No verified reports yet","Remote US role|Target bonus and equity compensation listed|Benefits and quarterly onsite collaboration covered in posting","Base salary only; bonus/equity not quantified|WLB and on-call not disclosed|Pricing systems are tied to financial risk and product revenue",official_job_posting,https://careers.upstart.com/jobs/senior-software-engineer-pricing-4298d481-53af-433b-93bd-6c4d1b75d7e7?gh_jid=7875501,"Official posting discloses US remote anticipated base salary range of $166900-$230900; bonus and equity are listed but not quantified."
weavegrid-senior-software-engineer-backend-sf-remote,WeaveGrid,weavegrid.com,Senior Software Engineer,Senior,"San Francisco, CA / Remote",Backend,Remote,High intensity,"Official posting for a senior backend engineer building DERMS software, partner integrations, reliability monitoring, and utility-scale distributed-energy systems.",130000,190000,130000,190000,0,0,0,0,0,0,0,66,1,1,2026-06-22,0,0,"Official posting says this role participates in on-call rotations periodically, about once per quarter.",Needs data,Needs data,"Official job posting|Job postings|95|Observed Jun 2026;Public wage data|Compensation|45|Baseline only;Needs user reports|User reports|10|No verified reports yet","Remote-compatible role with SF office option|Stock options and benefits listed|On-call cadence disclosed in posting","Base salary only; equity not quantified|SF Bay Area employees may work from office 2 days/week|Utility reliability domain may require operational rigor",official_job_posting,https://jobs.ashbyhq.com/weave-grid/fe455659-d2b5-4440-8bca-53f0ce513994,"Official posting discloses base salary range of $130000-$190000 plus equity and benefits; equity is not quantified."
qualified-senior-software-engineer-smts-foundations-remote-us,Qualified,qualified.com,Senior Software Engineer,SMTS,"United States",Foundations,Remote,Strong fit,"Official posting for a senior member of technical staff role on the Foundations team, focused on shared systems and platform reliability for Qualified's product.",148500,223900,148500,223900,0,0,0,0,0,0,0,64,1,1,2026-06-22,0,0,"Not disclosed in the official posting; needs user reports.",Needs data,Needs data,"Official job posting|Job postings|95|Observed Jun 2026;Public wage data|Compensation|45|Baseline only;Needs user reports|User reports|10|No verified reports yet","Remote posting via official Ashby job board|SMTS title gives clearer seniority signal|Higher location band disclosed for SF/NY metro","Base salary only; bonus/equity not quantified|WLB and on-call not disclosed|Location-specific salary bands are not separately modeled yet",official_job_posting,https://jobs.ashbyhq.com/qualified/15bdc5e4-8249-4777-92a2-c25a82ea2f1f,"Official posting discloses base salary range of $148500-$223900 and a higher SF/NY metro range; bonus/equity are not quantified."
category-labs-senior-software-engineer-formal-verification-remote-us,Category Labs,category.xyz,Senior Software Engineer,Senior,"United States",Formal Verification,Remote,High intensity,"Official posting for a senior formal verification engineer working on correctness and safety of distributed systems and protocol software.",180000,250000,180000,250000,0,0,0,0,0,0,0,64,1,1,2026-06-22,0,0,"Not disclosed in the official posting; needs user reports.",Needs data,Needs data,"Official job posting|Job postings|95|Observed Jun 2026;Public wage data|Compensation|45|Baseline only;Needs user reports|User reports|10|No verified reports yet","Remote US range disclosed|Formal verification scope is highly specialized|Posting references additional incentives outside base pay","Base salary only; benefits, token, or equity incentives are not included|WLB and on-call not disclosed|Protocol correctness work may have high technical intensity",official_job_posting,https://jobs.ashbyhq.com/category-labs/4717412e-8243-4eb9-bed1-4c585d7ff977,"Official posting discloses US base salary range of $180000-$250000; benefits, token, and equity incentives are not included in the base range."
